{
  "dataset": "FD001",
  "model": "attention",
  "seq_len": 50,
  "hidden_size": 64,
  "num_layers": 1,
  "epochs": 20,
  "test_rmse": 18.461959838867188,
  "test_mae": 13.527088165283203,
  "test_loss": 313.72015380859375,
  "anomaly_threshold_abs_error_p95": 37.08049392700195,
  "anomaly_rate": 0.053763440860215055,
  "best_model_path": "artifacts\\FD001_attention_best.pt",
  "train_time_seconds": 45.110416889190674
}