{
  "loss": 4849.9287109375,
  "rmse": 68.0519790649414,
  "mae": 56.45337677001953
}